{"frames": [

{
	"filename": "enemy1",
	"frame": {"x":1,"y":1,"w":139,"h":80},
	"rotated": false,
	"trimmed": false,
	"spriteSourceSize": {"x":0,"y":0,"w":139,"h":80},
	"sourceSize": {"w":139,"h":80}
},
{
	"filename": "enemy2",
	"frame": {"x":141,"y":1,"w":123,"h":80},
	"rotated": false,
	"trimmed": false,
	"spriteSourceSize": {"x":0,"y":0,"w":123,"h":80},
	"sourceSize": {"w":123,"h":80}
},
{
	"filename": "enemy3",
	"frame": {"x":265,"y":1,"w":89,"h":73},
	"rotated": false,
	"trimmed": false,
	"spriteSourceSize": {"x":0,"y":0,"w":89,"h":73},
	"sourceSize": {"w":89,"h":73}
},
{
	"filename": "enemy4",
	"frame": {"x":355,"y":1,"w":148,"h":75},
	"rotated": false,
	"trimmed": false,
	"spriteSourceSize": {"x":0,"y":0,"w":148,"h":75},
	"sourceSize": {"w":148,"h":75}
}],
"meta": {
	"app": "https://www.codeandweb.com/texturepacker",
	"version": "1.0",
	"image": "enemy.png",
	"format": "RGBA8888",
	"size": {"w":504,"h":82},
	"scale": "1",
	"smartupdate": "$TexturePacker:SmartUpdate:b3a09d1bce21aad9036331ffbd33c22f:d7af92330580741cfcd041df1585be3f:a99356c10d69482e9bee53d25c3d05e1$"
}
}
